,rand_score,adjusted_rand_score,mutual_info_score,adjusted_mutual_info_score,homogeneity_score,completeness_score,v_measure_score,fowlkes_mallows_score
optics,0.636759887798878,0.019196993883627,0.9546772930507939,0.22418576309026694,0.42411452964621504,0.22108633751502046,0.2906565468795478,0.21529732930522286
meanshift,0.6831549033490335,0.24982821476931516,0.7943487185529454,0.47979561135413373,0.35288870448313003,0.7551072463012143,0.48099240381596603,0.4601734144902624
